{"type": "block", "layer": 3, "block": 0, "features": [{"geom": {"polygons": [[[[2591.226328972727, 487.8800158139784], [2591.555163741228, 488.5991578248795], [2590.070115968352, 489.2855526508065], [2593.790414388757, 497.3118003667332], [2595.2601295994828, 496.6450353023829], [2595.58708778501, 497.34181969356723], [2597.89910238632, 496.3084296567831], [2598.8363794290926, 498.44018779310863], [2599.063681221567, 498.33559420949314], [2598.9341909374343, 498.0432365775341], [2601.310166644398, 496.93581357819494], [2600.192011931562, 494.754880628665], [2601.592973633902, 494.04572276829276], [2600.792500560521, 492.32006617006846], [2603.0141288331943, 491.29093045403715], [2604.993923440692, 495.557487298036], [2607.1051786829485, 494.49991949950345], [2606.7134330919944, 493.64422616455704], [2609.249358267407, 492.4937277099816], [2609.3938757348806, 492.803693870781], [2609.529561174684, 492.740894290735], [2609.3732069690013, 492.40665807563346], [2611.9258450706257, 491.27292877656873], [2612.302745023044, 492.0878539382247], [2614.474312998471, 491.16358686157037], [2612.475925606792, 486.84855505346786], [2614.339355973527, 486.0405497162137], [2614.315882811323, 485.98927352647297], [2613.7064643137855, 486.1536802210612], [2613.022400490241, 484.54237873340026], [2615.207134560682, 483.5283493710449], [2616.0128886401653, 485.26635452674236], [2619.0134937987896, 483.87814806506503], [2619.815468077082, 485.600626933272], [2621.0340875822585, 485.03083438717294], [2622.200898594805, 487.2551164649194], [2622.4058240677696, 487.16719666600693], [2622.379908815259, 487.09141347988043], [2624.3451040583896, 486.2029876324814], [2624.705242805183, 486.45007159677334], [2624.952284634812, 486.33652422367595], [2624.5627466883743, 485.49598991987295], [2626.9490148830228, 484.3920100759715], [2625.9741957625374, 481.9973454126157], [2627.2268604622222, 481.4995828161482], [2626.419459755183, 479.75596571399365], [2628.5091359508224, 478.82590074057225], [2629.2906130491756, 480.54880028462503], [2630.5078303561313, 479.97906564490404], [2631.674258951214, 482.2020593036432], [2633.959794133785, 481.1179933245294], [2634.016742233187, 481.22395157057326], [2634.1514150843723, 481.41295319481287], [2634.1514150843723, 481.41295319481287], [2634.2682163740974, 481.3571241075406], [2634.4312719942536, 481.28122318617534], [2634.001871555927, 480.3773464296246], [2636.546860750881, 479.2007393405074], [2636.8590526651824, 479.89141585992184], [2636.914838176337, 480.01714639540296], [2638.8933762687957, 479.1840820282232], [2639.0873530909885, 479.0965057120193], [2637.0432337645907, 474.91202206746675], [2639.405163170537, 473.84189002250787], [2641.3094912541565, 478.0616300160764], [2643.4259364508325, 477.0049380530836], [2643.0366534494096, 476.1912361657014], [2645.601835635025, 474.9431233613286], [2645.7723156264983, 475.2333058855729], [2648.25066374999, 474.13255215017125], [2644.078778084251, 465.1325384962838], [2643.310413822299, 465.4855288848048], [2641.8834091593744, 462.4164783806773], [2639.5608251917874, 463.62081704766024], [2639.0205938881263, 462.3092428140808], [2638.8712324632797, 462.383109770366], [2638.921610622667, 462.8173856510548], [2634.929611095111, 464.61752743739635], [2634.820824265131, 464.669435655931], [2635.005617767689, 464.99786764138844], [2636.7382011436857, 468.77360024955124], [2634.2584921821253, 469.9090523715131], [2632.3320375084877, 465.71108026686125], [2632.1007462260313, 465.767411786248], [2632.2190649567638, 465.9328548293561], [2628.11610009009, 467.77295142167713], [2627.828029875178, 467.88586164964363], [2627.9200350785395, 468.0724912348669], [2625.7630203275476, 469.07673684088513], [2625.696735574282, 468.9171569595346], [2625.6285160206025, 468.950278080767], [2626.714104590006, 471.3275546588702], [2625.304158215178, 471.9486388453515], [2626.0961594348773, 473.67458436230663], [2624.058242325671, 474.65879999042954], [2623.2479482459603, 472.9078154490562], [2622.0221907676896, 473.46982199291233], [2621.3746424822602, 472.12602825439535], [2621.1765079805627, 472.208295799559], [2620.7826654301025, 471.3591670957394], [2618.5323892947054, 472.37864062062], [2618.38086188538, 472.08024486422073], [2618.112736100331, 472.2506604985101], [2619.6538441613084, 475.51946011546534], [2618.784080036683, 475.9151757945074], [2618.522982870578, 475.32844549708534], [2615.998553520185, 476.5021484076278], [2614.5457088574767, 473.4247980361106], [2611.962555858656, 474.6269102403894], [2611.450181409251, 473.53303509403486], [2612.0199775997316, 473.2501035775058], [2611.3652074201964, 471.87125535006635], [2615.6799376240233, 469.90091020194814], [2615.6060878208373, 469.7467320325086], [2615.4193109505577, 469.827392211766], [2613.5908879933413, 465.9300162239233], [2613.5366060431115, 465.8082871863153], [2613.8924272217555, 465.61457633203827], [2613.7145321063, 465.26321892719716], [2613.365705889999, 465.446119055734], [2611.499883008888, 461.3639188372763], [2611.610057219048, 461.29528217588086], [2611.5898664585548, 461.22672055091243], [2607.4038001436274, 463.1407468409743], [2606.2919870897895, 460.75922418560367], [2610.543968490907, 458.7860824869713], [2610.466815283522, 458.6132089497987], [2610.258026663214, 458.7097941538086], [2608.3891565635568, 454.7386473774677], [2608.58623382065, 454.55594910657965], [2608.4191057393327, 454.1580464873696], [2608.192771859234, 454.2748643414816], [2607.1077877462376, 452.0399162310641], [2605.24546084553, 452.912603540346], [2604.152256231522, 450.69637112668715], [2603.301826589275, 451.03425684943795], [2602.687568671652, 449.5643401775742], [2595.1326833576895, 453.0607470300747], [2595.001332078129, 453.1183095286833], [2595.080497849267, 453.2908482836792], [2595.712360589998, 454.57095847756136], [2594.7606323106447, 455.0363653660752], [2595.7408598171314, 457.17820888536517], [2593.2581714062253, 458.33447934605647], [2594.5063461354002, 461.2012523111189], [2595.151010897709, 460.8747479321901], [2596.9971628353233, 464.88381646981], [2596.630010300083, 465.0523815996712], [2596.6946985760005, 465.1973758676322], [2601.0417530599516, 463.14800226618536], [2602.1848603447434, 465.5522175633814], [2597.7784908536123, 467.5873581120977], [2597.8750063175103, 467.76432708243374], [2598.275531901163, 467.5767298601568], [2600.086889618193, 471.61026549257804], [2599.7714873600053, 471.78978801565245], [2599.9072338258848, 472.1243670936674], [2600.282913395902, 471.96116141730454], [2602.135436106357, 475.9294421771774], [2601.7374267283594, 476.10143771907315], [2601.802779185935, 476.3271634746343], [2606.224830579129, 474.28731578588486], [2607.384413805441, 476.7225549223367], [2606.599240564159, 477.10078203037847], [2607.909904547385, 479.91449849447235], [2606.3342654225416, 480.6702084983699], [2605.4320169806015, 478.7265874121804], [2605.79123055283, 478.5342086281162], [2605.7267387302127, 478.3875244570663], [2602.81279626966, 479.7930058967322], [2602.978093320038, 480.13110137649346], [2598.9708282402717, 481.9608952481067], [2598.7963670782046, 481.57565394276753], [2598.6892890898744, 481.62151600269135], [2598.6720866521355, 481.64299770304933], [2600.7282290614676, 486.0965479434235], [2598.398242786294, 487.17700224230066], [2597.6143436993007, 485.42726696899626], [2596.1756835193373, 486.117090105894], [2595.5361264428357, 484.77916130807716], [2595.150984381675, 483.9102399320109], [2592.863462418667, 484.95115738688037], [2592.7007626834093, 484.6222809123574], [2592.5018475551624, 484.73869410390034], [2593.4751056111418, 486.8806663545547], [2591.226467852015, 487.9120882730931], [2591.226328972727, 487.8800158139784]]]], "centroids": [[2614.275122162886, 474.8208140551578, 0.0]], "h": 105.0}, "mtl": {"face": 0,