{"type": "block", "layer": 7, "block": 15, "features": [{"geom": {"polygons": [[[[2593.034030220704, 451.05756447149906], [2590.6783902206225, 445.97200447157957], [2589.4025502207223, 446.5693744715536], [2598.2771102206316, 465.54884447157383], [2599.438450220623, 464.9914044715697], [2593.034030220704, 451.05756447149906]]]], "centroids": [[2594.383309210418, 455.62151668965816, 0.0]], "h": 7.3}, "mtl": {"face": 0, "edge": 1}}, {"geom": {"polygons": [[[[2097.628990220721, 114.33237447147258], [2095.949580220622, 110.71854447154328], [2093.7700202206615, 111.73517447151244], [2095.449430220644, 115.34901447151788], [2097.628990220721, 114.33237447147258]]]], "centroids": [[2095.699505052995, 113.03377769212238, 0.0]], "h": 15.1}, "mtl": {"face": 0, "edge": 1}}], "featureCount": 2, "startIndex": 750}